﻿DateTime,Bank_Card_Brand,currency_name,Local_Date_Time,Terminal_ID,Merchant_ID,Merchant_Name_Location,STAN,PAN,Message_Type,From_Account_ID,From_Account_Type,To_Account_ID,To_Account_Type,Card_Account_Nr,Tran_type_description,Beneficiary_Account,Response_Code_description,Tran_Amount_Req,Tran_Amount_Rsp,Surcharge,Amount_Impact,Settlement_Impact,Settlement_Impact_Desc,Auth_ID,Tran_ID,Retrieval_Reference_Nr,Totals_Group,Region,Transaction_Status,Transaction_type_Impact,Message_Type_Desc,trxn_category
4/30/2025 12:00:00 AM,Verve,Naira,4/29/2025 4:53:13 PM,4QTL0001,QUICKTELLERBILL,Tran/889430823360/3024213914/OLUMID/LANG,032413,506120*********3440,0200,0026165687,Unknown Account Type,3024213914,Default,,Payment from account,,Approved,30000.000000,30000.000000,-26.880000,-30000.000000,-5,issuer_fee_payable,,141103980,699415032413,CHBGroup,Domestic,Successful,Financial,Request,QUICKTELLER MOBILE TRANSFERS (VERVE BILLING)
4/30/2025 12:00:00 AM,MasterCard,Naira,4/29/2025 3:28:57 PM,4QTL0001,QUICKTELLERBILL,Tran/889530821591/0549122369/ETIM M/LANG,019534,519899******5884,0200,0005848392,Unknown Account Type,0549122369,Default,,Payment from account,,Approved,1000.000000,1000.000000,-10.750000,-1000.000000,2.6875,Issuer_fee_receivable,019534,138314730,811845019534,CHBMCDebit,Domestic,Successful,Financial,Request,QUICKTELLER MOBILE TRANSFERS
4/30/2025 12:00:00 AM,MasterCard,Naira,4/29/2025 3:28:57 PM,4QTL0001,QUICKTELLERBILL,Tran/889530821591/0549122369/ETIM M/LANG,019534,519899******5884,0200,0005848392,Unknown Account Type,0549122369,Default,,Payment from account,,Approved,1000.000000,1000.000000,-10.750000,-1000.000000,-10.75,Issuer_fee_payable,019534,138314730,811845019534,CHBMCDebit,Domestic,Successful,Financial,Request,QUICKTELLER MOBILE TRANSFERS
4/30/2025 12:00:00 AM,MasterCard,Naira,4/29/2025 11:34:56 AM,3BOL0001,QUICKTELLERBILL,Surgery                /889330815540LANG,031367,519911******3789,0200,2004554921,Unknown Account Type,9202338752,Default,,Payment from account,,Approved,300000.000000,300000.000000,-53.750000,-300000.000000,300000,Amount_receivable,UNI000,131277665,092884031367,UBAMCDebit,Domestic,Successful,Financial,Request,QUICKTELLER WEB TRANSFERS
4/30/2025 12:00:00 AM,Verve,Naira,4/29/2025 4:50:40 PM,4QTL0001,QUICKTELLERBILL,Final payment for paint/889530823313LANG,019758,506120*********6624,0200,0006521775,Unknown Account Type,0756881415,Default,,Payment from account,,Approved,18000.000000,18000.000000,-26.880000,-18000.000000,-18000,Amount_Payable,019758,141012680,298121019758,CHBGroup,Domestic,Successful,Financial,Request,QUICKTELLER MOBILE TRANSFERS
4/30/2025 12:00:00 AM,MasterCard,Naira,4/29/2025 5:36:26 AM,4QTL0001,QUICKTELLERBILL,"Tran/889530807893/0014766245/LAWAL,/LANG",030611,528649******7511,0200,0010561527,Unknown Account Type,0014766245,Default,,Payment from account,,Approved,15000.000000,15000.000000,-26.880000,-15000.000000,-15000,Amount_Payable,030611,122044122,857681030611,CHBMCDebit,Domestic,Successful,Financial,Request,QUICKTELLER MOBILE TRANSFERS
4/30/2025 12:00:00 AM,Verve,Naira,4/29/2025 11:20:47 AM,4QTL0001,QUICKTELLERBILL,Tran/889530815080/0021465777/CHINED/LANG,018706,506107*********5313,0200,0003945541,Unknown Account Type,0021465777,Default,,Payment from account,,Approved,5000.000000,5000.000000,-10.750000,-5000.000000,5000,Amount_receivable,UNI000,130797325,264782018706,SBPGroup,Domestic,Successful,Financial,Request,QUICKTELLER MOBILE TRANSFERS
4/30/2025 12:00:00 AM,Verve,Naira,4/29/2025 7:36:22 AM,4QTL0001,QUICKTELLERBILL,Tran/889530809043/0012634665/ESTHER/LANG,030629,506195******2019,0200,0099802912,Unknown Account Type,0012634665,Default,,Payment from account,,Approved,70000.000000,70000.000000,-53.750000,-70000.000000,70000,Amount_receivable,UNI000,123351894,140457030629,LAPGroup,Domestic,Successful,Financial,Request,QUICKTELLER MOBILE TRANSFERS
4/30/2025 12:00:00 AM,MasterCard,Naira,4/29/2025 11:33:58 AM,3BOL0001,QUICKTELLERBILL,thanks                 /889330815462LANG,031283,519899******9492,0200,0044439793,Unknown Account Type,2138487317,Default,,Payment from account,,Approved,40000.000000,40000.000000,-26.880000,-40000.000000,-26.88,Issuer_fee_payable,031283,131245717,641048031283,CHBMCDebit,Domestic,Successful,Financial,Request,QUICKTELLER WEB TRANSFERS
4/30/2025 12:00:00 AM,Verve,Naira,4/29/2025 7:28:00 AM,3BOL0001,QUICKTELLERBILL,Transfer to Mercy      /889330808904LANG,030737,506120*********0358,0200,0014497408,Unknown Account Type,3029026750,Default,,Payment from account,,Approved,6000.000000,6000.000000,-26.880000,-6000.000000,-5,issuer_fee_payable,030737,123149191,916435030737,CHBGroup,Domestic,Successful,Financial,Request,QUICKTELLER WEB TRANSFERS (VERVE BILLING)
4/30/2025 12:00:00 AM,Verve,Naira,4/29/2025 5:48:38 AM,3BOL0001,QUICKTELLERBILL,For lilicrest and club /889330807943LANG,030617,506120*********1003,0200,0006278172,Unknown Account Type,0110415184,Default,,Payment from account,,Approved,125000.000000,125000.000000,-53.750000,-125000.000000,-5,issuer_fee_payable,030617,122083495,827457030617,CHBGroup,Domestic,Successful,Financial,Request,QUICKTELLER WEB TRANSFERS (VERVE BILLING)
4/30/2025 12:00:00 AM,Verve,Naira,4/29/2025 7:28:00 AM,3BOL0001,QUICKTELLERBILL,Transfer to Mercy      /889330808904LANG,030737,506120*********0358,0200,0014497408,Unknown Account Type,3029026750,Default,,Payment from account,,Approved,6000.000000,6000.000000,-26.880000,-6000.000000,2.688,Issuer_fee_receivable,030737,123149191,916435030737,CHBGroup,Domestic,Successful,Financial,Request,QUICKTELLER WEB TRANSFERS
4/30/2025 12:00:00 AM,Verve,Naira,4/29/2025 7:28:00 AM,3BOL0001,QUICKTELLERBILL,Transfer to Mercy      /889330808904LANG,030737,506120*********0358,0200,0014497408,Unknown Account Type,3029026750,Default,,Payment from account,,Approved,6000.000000,6000.000000,-26.880000,-6000.000000,-26.88,Issuer_fee_payable,030737,123149191,916435030737,CHBGroup,Domestic,Successful,Financial,Request,QUICKTELLER WEB TRANSFERS
4/30/2025 12:00:00 AM,Verve,Naira,4/29/2025 7:28:00 AM,3BOL0001,QUICKTELLERBILL,Transfer to Mercy      /889330808904LANG,030737,506120*********0358,0200,0014497408,Unknown Account Type,3029026750,Default,,Payment from account,,Approved,6000.000000,6000.000000,-26.880000,-6000.000000,-6000,Amount_Payable,030737,123149191,916435030737,CHBGroup,Domestic,Successful,Financial,Request,QUICKTELLER WEB TRANSFERS
4/30/2025 12:00:00 AM,Verve,Naira,4/29/2025 7:54:59 PM,3BOL0001,QUICKTELLERBILL,Tran/889330826101/2039759832/AGBONT/LANG,032679,506120*********3978,0200,0000194001,Unknown Account Type,2039759832,Default,,Payment from account,,Approved,120.000000,120.000000,-10.750000,-120.000000,-5,issuer_fee_payable,032679,147811455,070333032679,CHBGroup,Domestic,Successful,Financial,Request,QUICKTELLER WEB TRANSFERS (VERVE BILLING)
4/30/2025 12:00:00 AM,VISA,Naira,4/29/2025 12:32:06 AM,4QTL0001,QUICKTELLERBILL,Moe                    /889530807206LANG,030488,444506******3969,0200,,Default,0001120489,Default,,Payment from account,,Approved,91000.000000,91000.000000,-53.750000,-91000.000000,91000,Amount_receivable,UNI000,121541597,633949030488,CHBVisaGroup,Domestic,Successful,Financial,Request,QUICKTELLER MOBILE TRANSFERS
4/30/2025 12:00:00 AM,VISA,Naira,4/29/2025 12:32:06 AM,4QTL0001,QUICKTELLERBILL,Moe                    /889530807206LANG,030488,444506******3969,0200,,Default,0001120489,Default,,Payment from account,,Approved,91000.000000,91000.000000,-53.750000,-91000.000000,13.4375,Issuer_fee_receivable,UNI000,121541597,633949030488,CHBVisaGroup,Domestic,Successful,Financial,Request,QUICKTELLER MOBILE TRANSFERS
4/30/2025 12:00:00 AM,MasterCard,Naira,4/29/2025 11:08:22 AM,4QTL0001,QUICKTELLERBILL,Tran/889430814731/6503984515/OYEBAN/LANG,031267,522901******2578,0200,0048453803,Unknown Account Type,6503984515,Default,,Payment from account,,Approved,10000.000000,10000.000000,-26.880000,-10000.000000,-10000,Amount_Payable,719993,130382639,053718031267,CHBMCDebit,Domestic,Successful,Financial,Request,QUICKTELLER MOBILE TRANSFERS
4/30/2025 12:00:00 AM,MasterCard,Naira,4/29/2025 11:08:22 AM,4QTL0001,QUICKTELLERBILL,Tran/889430814731/6503984515/OYEBAN/LANG,031267,522901******2578,0200,0048453803,Unknown Account Type,6503984515,Default,,Payment from account,,Approved,10000.000000,10000.000000,-26.880000,-10000.000000,6.72,Issuer_fee_receivable,719993,130382639,053718031267,CHBMCDebit,Domestic,Successful,Financial,Request,QUICKTELLER MOBILE TRANSFERS
4/30/2025 12:00:00 AM,MasterCard,Naira,4/29/2025 11:08:22 AM,4QTL0001,QUICKTELLERBILL,Tran/889430814731/6503984515/OYEBAN/LANG,031267,522901******2578,0200,0048453803,Unknown Account Type,6503984515,Default,,Payment from account,,Approved,10000.000000,10000.000000,-26.880000,-10000.000000,-26.88,Issuer_fee_payable,719993,130382639,053718031267,CHBMCDebit,Domestic,Successful,Financial,Request,QUICKTELLER MOBILE TRANSFERS
4/30/2025 12:00:00 AM,Verve,Naira,4/29/2025 4:50:40 PM,4QTL0001,QUICKTELLERBILL,Final payment for paint/889530823313LANG,019758,506120*********6624,0200,0006521775,Unknown Account Type,0756881415,Default,,Payment from account,,Approved,18000.000000,18000.000000,-26.880000,-18000.000000,-26.88,Issuer_fee_payable,019758,141012680,298121019758,CHBGroup,Domestic,Successful,Financial,Request,QUICKTELLER MOBILE TRANSFERS
4/30/2025 12:00:00 AM,Verve,Naira,4/29/2025 4:50:40 PM,4QTL0001,QUICKTELLERBILL,Final payment for paint/889530823313LANG,019758,506120*********6624,0200,0006521775,Unknown Account Type,0756881415,Default,,Payment from account,,Approved,18000.000000,18000.000000,-26.880000,-18000.000000,6.72,Issuer_fee_receivable,019758,141012680,298121019758,CHBGroup,Domestic,Successful,Financial,Request,QUICKTELLER MOBILE TRANSFERS
4/30/2025 12:00:00 AM,Verve,Naira,4/29/2025 11:10:24 AM,4QTL0001,QUICKTELLERBILL,Partpayment for product/889530814781LANG,031299,506120*********6624,0200,0006521775,Unknown Account Type,0472886352,Default,,Payment from account,,Approved,90000.000000,90000.000000,-53.750000,-90000.000000,-90000,Amount_Payable,031299,130449723,128664031299,CHBGroup,Domestic,Successful,Financial,Request,QUICKTELLER MOBILE TRANSFERS
4/30/2025 12:00:00 AM,Verve,Naira,4/29/2025 5:01:08 PM,4QTL0001,QUICKTELLERBILL,Tran/889430823549/0057268665/OPEMIP/LANG,032432,506107*********1586,0200,0063545857,Unknown Account Type,0057268665,Default,,Payment from account,,Approved,500000.000000,500000.000000,-53.750000,-500000.000000,500000,Amount_receivable,UNI000,141390748,565830032432,SBPGroup,Domestic,Successful,Financial,Request,QUICKTELLER MOBILE TRANSFERS
4/30/2025 12:00:00 AM,Verve,Naira,4/29/2025 2:21:52 PM,3BOL0001,QUICKTELLERBILL,Diya                   /889330819927LANG,031921,506120*********5248,0200,0014472430,Unknown Account Type,3036319955,Default,,Payment from account,,Approved,400000.000000,400000.000000,-53.750000,-400000.000000,-5,issuer_fee_payable,031921,136249653,815449031921,CHBGroup,Domestic,Successful,Financial,Request,QUICKTELLER WEB TRANSFERS (VERVE BILLING)
4/30/2025 12:00:00 AM,MasterCard,Naira,4/29/2025 12:56:26 PM,4QTL0001,QUICKTELLERBILL,Self                   /889530817794LANG,031577,519899******8373,0200,0034371283,Unknown Account Type,3070930651,Default,,Payment from account,,Approved,100000.000000,100000.000000,-53.750000,-100000.000000,-100000,Amount_Payable,031577,133827912,934386031577,CHBMCDebit,Domestic,Successful,Financial,Request,QUICKTELLER MOBILE TRANSFERS
4/30/2025 12:00:00 AM,MasterCard,Naira,4/29/2025 12:56:26 PM,4QTL0001,QUICKTELLERBILL,Self                   /889530817794LANG,031577,519899******8373,0200,0034371283,Unknown Account Type,3070930651,Default,,Payment from account,,Approved,100000.000000,100000.000000,-53.750000,-100000.000000,-53.75,Issuer_fee_payable,031577,133827912,934386031577,CHBMCDebit,Domestic,Successful,Financial,Request,QUICKTELLER MOBILE TRANSFERS
4/30/2025 12:00:00 AM,Verve,Naira,4/29/2025 9:50:27 AM,3BOL0001,QUICKTELLERBILL,Tran/889330812580/2283722316/OLUSOL/LANG,031055,506120*********9799,0200,0015940657,Unknown Account Type,2283722316,Default,,Payment from account,,Approved,133000.000000,133000.000000,-53.750000,-133000.000000,5.375,Issuer_fee_receivable,2A7C0A,127701477,859773031055,CHBGroup,Domestic,Successful,Financial,Request,QUICKTELLER WEB TRANSFERS
4/30/2025 12:00:00 AM,MasterCard,Naira,4/29/2025 5:41:30 PM,4QTL0001,QUICKTELLERBILL,Tran/889530824243/9201277904/CHURCH/LANG,019905,559441******8925,0200,0228190848,Unknown Account Type,9201277904,Default,,Payment from account,,Approved,87750.000000,87750.000000,-53.750000,-87750.000000,87750,Amount_receivable,UNI000,142857099,977034019905,WEMMCDebit,Domestic,Successful,Financial,Request,QUICKTELLER MOBILE TRANSFERS
4/30/2025 12:00:00 AM,Verve,Naira,4/29/2025 2:33:13 PM,4QTL0001,QUICKTELLERBILL,Tran/889430820242/0057268665/OPEMIP/LANG,031985,506107*********1586,0200,0063545857,Unknown Account Type,0057268665,Default,,Payment from account,,Approved,250000.000000,250000.000000,-53.750000,-250000.000000,250000,Amount_receivable,UNI000,136595673,454501031985,SBPGroup,Domestic,Successful,Financial,Request,QUICKTELLER MOBILE TRANSFERS
4/30/2025 12:00:00 AM,Verve,Naira,4/29/2025 1:07:54 PM,4QTL0001,QUICKTELLERBILL,Dise                   /889530818054LANG,031642,506120*********9710,0200,0001293310,Unknown Account Type,1010839957,Default,,Payment from account,,Approved,500000.000000,500000.000000,-53.750000,-500000.000000,-500000,Amount_Payable,,134152099,749513031642,CHBGroup,Domestic,Successful,Financial,Request,QUICKTELLER MOBILE TRANSFERS
4/30/2025 12:00:00 AM,MasterCard,Naira,4/29/2025 8:20:50 AM,4QTL0001,QUICKTELLERBILL,"Tran/889530810067/0014766245/LAWAL,/LANG",018234,528649******7511,0200,0010561527,Unknown Account Type,0014766245,Default,,Payment from account,,Approved,3300.000000,3300.000000,-10.750000,-3300.000000,-3300,Amount_Payable,018234,124677178,038093018234,CHBMCDebit,Domestic,Successful,Financial,Request,QUICKTELLER MOBILE TRANSFERS
4/30/2025 12:00:00 AM,MasterCard,Naira,4/29/2025 10:16:07 AM,4QTL0001,QUICKTELLERBILL,Abol Business Enterpris/889530813339LANG,018516,519911******1329,0200,1000337233,Unknown Account Type,0000493694,Default,,Payment from account,,Approved,105000.000000,105000.000000,-53.750000,-105000.000000,105000,Amount_receivable,UNI000,128584313,306884018516,UBAMCDebit,Domestic,Successful,Financial,Request,QUICKTELLER MOBILE TRANSFERS
4/30/2025 12:00:00 AM,MasterCard,Naira,4/29/2025 8:03:23 PM,4QTL0001,QUICKTELLERBILL,B                      /889430826237LANG,032696,519911******0502,0200,2077856663,Unknown Account Type,0001286558,Default,,Payment from account,,Approved,15000.000000,15000.000000,-26.880000,-15000.000000,15000,Amount_receivable,UNI000,148079355,392374032696,UBAMCDebit,Domestic,Successful,Financial,Request,QUICKTELLER MOBILE TRANSFERS
4/30/2025 12:00:00 AM,MasterCard,Naira,4/29/2025 3:57:41 PM,4QTL0001,QUICKTELLERBILL,Tran/889530822245/6011270590/OWATE /LANG,019603,519899******0825,0200,0016622734,Unknown Account Type,6011270590,Default,,Payment from account,,Approved,1000.000000,1000.000000,-10.750000,-1000.000000,-10.75,Issuer_fee_payable,019603,139192351,086082019603,CHBMCDebit,Domestic,Successful,Financial,Request,QUICKTELLER MOBILE TRANSFERS
4/30/2025 12:00:00 AM,Verve,Naira,4/29/2025 2:49:47 PM,4QTL0001,QUICKTELLERBILL,Tran/889530820655/3008133480/FUNMIL/LANG,032040,506120*********9541,0200,0005758437,Unknown Account Type,3008133480,Default,,Payment from account,,Approved,20000.000000,20000.000000,-26.880000,-20000.000000,-26.88,Issuer_fee_payable,032040,137104735,905120032040,CHBGroup,Domestic,Successful,Financial,Request,QUICKTELLER MOBILE TRANSFERS
4/30/2025 12:00:00 AM,Verve,Naira,4/29/2025 2:49:47 PM,4QTL0001,QUICKTELLERBILL,Tran/889530820655/3008133480/FUNMIL/LANG,032040,506120*********9541,0200,0005758437,Unknown Account Type,3008133480,Default,,Payment from account,,Approved,20000.000000,20000.000000,-26.880000,-20000.000000,-20000,Amount_Payable,032040,137104735,905120032040,CHBGroup,Domestic,Successful,Financial,Request,QUICKTELLER MOBILE TRANSFERS
4/30/2025 12:00:00 AM,Verve,Naira,4/29/2025 2:49:47 PM,4QTL0001,QUICKTELLERBILL,Tran/889530820655/3008133480/FUNMIL/LANG,032040,506120*********9541,0200,0005758437,Unknown Account Type,3008133480,Default,,Payment from account,,Approved,20000.000000,20000.000000,-26.880000,-20000.000000,6.72,Issuer_fee_receivable,032040,137104735,905120032040,CHBGroup,Domestic,Successful,Financial,Request,QUICKTELLER MOBILE TRANSFERS
4/30/2025 12:00:00 AM,MasterCard,Naira,4/29/2025 11:14:57 AM,4QTL0001,QUICKTELLERBILL,Car Hire ABv APT       /889430814889LANG,018692,539941******1868,0200,1000103799,Unknown Account Type,9302032170,Default,,Payment from account,,Approved,11000.000000,11000.000000,-26.880000,-11000.000000,11000,Amount_receivable,UNI000,130600189,933237018692,ZIBMCDebit,Domestic,Successful,Financial,Request,QUICKTELLER MOBILE TRANSFERS
4/30/2025 12:00:00 AM,MasterCard,Naira,4/29/2025 11:16:49 PM,4QTL0001,QUICKTELLERBILL,Mrs Akoni ToyotaCrlla  /889430828314LANG,033155,522901******1815,0200,9200704043,Unknown Account Type,3105359240,Default,,Payment from account,,Approved,43000.000000,43000.000000,-26.880000,-43000.000000,6.72,Issuer_fee_receivable,033155,151146337,585312033155,CHBMCDebit,Domestic,Successful,Financial,Request,QUICKTELLER MOBILE TRANSFERS
4/30/2025 12:00:00 AM,MasterCard,Naira,4/29/2025 11:16:49 PM,4QTL0001,QUICKTELLERBILL,Mrs Akoni ToyotaCrlla  /889430828314LANG,033155,522901******1815,0200,9200704043,Unknown Account Type,3105359240,Default,,Payment from account,,Approved,43000.000000,43000.000000,-26.880000,-43000.000000,-43000,Amount_Payable,033155,151146337,585312033155,CHBMCDebit,Domestic,Successful,Financial,Request,QUICKTELLER MOBILE TRANSFERS
4/30/2025 12:00:00 AM,MasterCard,Naira,4/29/2025 11:16:49 PM,4QTL0001,QUICKTELLERBILL,Mrs Akoni ToyotaCrlla  /889430828314LANG,033155,522901******1815,0200,9200704043,Unknown Account Type,3105359240,Default,,Payment from account,,Approved,43000.000000,43000.000000,-26.880000,-43000.000000,-26.88,Issuer_fee_payable,033155,151146337,585312033155,CHBMCDebit,Domestic,Successful,Financial,Request,QUICKTELLER MOBILE TRANSFERS
4/30/2025 12:00:00 AM,MasterCard,Naira,4/29/2025 7:09:19 AM,3BOL0001,QUICKTELLERBILL,April                  /889330808596LANG,030570,519899******5158,0200,9200060895,Unknown Account Type,0121121968,Default,,Payment from account,,Approved,100000.000000,100000.000000,-53.750000,-100000.000000,-53.75,Issuer_fee_payable,030570,122737531,804090030570,CHBMCDebit,Domestic,Successful,Financial,Request,QUICKTELLER WEB TRANSFERS
4/30/2025 12:00:00 AM,MasterCard,Naira,4/29/2025 7:09:19 AM,3BOL0001,QUICKTELLERBILL,April                  /889330808596LANG,030570,519899******5158,0200,9200060895,Unknown Account Type,0121121968,Default,,Payment from account,,Approved,100000.000000,100000.000000,-53.750000,-100000.000000,5.375,Issuer_fee_receivable,030570,122737531,804090030570,CHBMCDebit,Domestic,Successful,Financial,Request,QUICKTELLER WEB TRANSFERS
4/30/2025 12:00:00 AM,MasterCard,Naira,4/29/2025 7:09:19 AM,3BOL0001,QUICKTELLERBILL,April                  /889330808596LANG,030570,519899******5158,0200,9200060895,Unknown Account Type,0121121968,Default,,Payment from account,,Approved,100000.000000,100000.000000,-53.750000,-100000.000000,-100000,Amount_Payable,030570,122737531,804090030570,CHBMCDebit,Domestic,Successful,Financial,Request,QUICKTELLER WEB TRANSFERS
4/30/2025 12:00:00 AM,MasterCard,Naira,4/29/2025 7:07:30 AM,3BOL0001,QUICKTELLERBILL,Tran/889330808557/0047167541/SULEIM/LANG,030563,539983******7156,0200,0047799012,Default,0047167541,Default,,Payment from account,,Approved,100000.000000,100000.000000,-53.750000,-100000.000000,100000,Amount_receivable,UNI000,122704955,850167030563,GTBMCDebit,Domestic,Successful,Financial,Request,QUICKTELLER WEB TRANSFERS
4/30/2025 12:00:00 AM,Verve,Naira,4/29/2025 7:20:58 AM,4QTL0001,QUICKTELLERBILL,C-00176486             /889530808767LANG,030595,506120*********2105,0200,0038134532,Unknown Account Type,1023413552,Default,,Payment from account,,Approved,500000.000000,500000.000000,-53.750000,-500000.000000,-500000,Amount_Payable,030595,122982305,862682030595,CHBGroup,Domestic,Successful,Financial,Request,QUICKTELLER MOBILE TRANSFERS
4/30/2025 12:00:00 AM,Verve,Naira,4/29/2025 7:20:58 AM,4QTL0001,QUICKTELLERBILL,C-00176486             /889530808767LANG,030595,506120*********2105,0200,0038134532,Unknown Account Type,1023413552,Default,,Payment from account,,Approved,500000.000000,500000.000000,-53.750000,-500000.000000,-53.75,Issuer_fee_payable,030595,122982305,862682030595,CHBGroup,Domestic,Successful,Financial,Request,QUICKTELLER MOBILE TRANSFERS
4/30/2025 12:00:00 AM,MasterCard,Naira,4/29/2025 8:46:29 PM,4QTL0001,QUICKTELLERBILL,Groceries              /889530826869LANG,032893,522901******9290,0200,9200098579,Unknown Account Type,2097013004,Default,,Payment from account,,Approved,120000.000000,120000.000000,-53.750000,-120000.000000,13.4375,Issuer_fee_receivable,032893,149278307,212267032893,CHBMCDebit,Domestic,Successful,Financial,Request,QUICKTELLER MOBILE TRANSFERS
4/30/2025 12:00:00 AM,MasterCard,Naira,4/29/2025 8:46:29 PM,4QTL0001,QUICKTELLERBILL,Groceries              /889530826869LANG,032893,522901******9290,0200,9200098579,Unknown Account Type,2097013004,Default,,Payment from account,,Approved,120000.000000,120000.000000,-53.750000,-120000.000000,-120000,Amount_Payable,032893,149278307,212267032893,CHBMCDebit,Domestic,Successful,Financial,Request,QUICKTELLER MOBILE TRANSFERS
4/30/2025 12:00:00 AM,Verve,Naira,4/29/2025 9:50:27 AM,3BOL0001,QUICKTELLERBILL,Tran/889330812580/2283722316/OLUSOL/LANG,031055,506120*********9799,0200,0015940657,Unknown Account Type,2283722316,Default,,Payment from account,,Approved,133000.000000,133000.000000,-53.750000,-133000.000000,-5,issuer_fee_payable,2A7C0A,127701477,859773031055,CHBGroup,Domestic,Successful,Financial,Request,QUICKTELLER WEB TRANSFERS (VERVE BILLING)
4/30/2025 12:00:00 AM,Verve,Naira,4/29/2025 1:07:54 PM,4QTL0001,QUICKTELLERBILL,Dise                   /889530818054LANG,031642,506120*********9710,0200,0001293310,Unknown Account Type,1010839957,Default,,Payment from account,,Approved,500000.000000,500000.000000,-53.750000,-500000.000000,-5,issuer_fee_payable,,134152099,749513031642,CHBGroup,Domestic,Successful,Financial,Request,QUICKTELLER MOBILE TRANSFERS (VERVE BILLING)
4/30/2025 12:00:00 AM,Verve,Naira,4/29/2025 7:20:58 AM,4QTL0001,QUICKTELLERBILL,C-00176486             /889530808767LANG,030595,506120*********2105,0200,0038134532,Unknown Account Type,1023413552,Default,,Payment from account,,Approved,500000.000000,500000.000000,-53.750000,-500000.000000,-5,issuer_fee_payable,030595,122982305,862682030595,CHBGroup,Domestic,Successful,Financial,Request,QUICKTELLER MOBILE TRANSFERS (VERVE BILLING)
4/30/2025 12:00:00 AM,Verve,Naira,4/29/2025 11:10:24 AM,4QTL0001,QUICKTELLERBILL,Partpayment for product/889530814781LANG,031299,506120*********6624,0200,0006521775,Unknown Account Type,0472886352,Default,,Payment from account,,Approved,90000.000000,90000.000000,-53.750000,-90000.000000,-5,issuer_fee_payable,031299,130449723,128664031299,CHBGroup,Domestic,Successful,Financial,Request,QUICKTELLER MOBILE TRANSFERS (VERVE BILLING)
4/30/2025 12:00:00 AM,MasterCard,Naira,4/29/2025 11:37:36 AM,4QTL0001,QUICKTELLERBILL,Tran/889530815618/0001951663/HAYTCH/LANG,031379,539983******0204,0200,0115105578,Unknown Account Type,0001951663,Default,,Payment from account,,Approved,10000.000000,10000.000000,-26.880000,-10000.000000,10000,Amount_receivable,UNI000,131367278,306174031379,GTBMCDebit,Domestic,Successful,Financial,Request,QUICKTELLER MOBILE TRANSFERS
4/30/2025 12:00:00 AM,MasterCard,Naira,4/29/2025 3:02:12 PM,4QTL0001,QUICKTELLERBILL,Monthly                /889530820907LANG,032080,519899******1309,0200,0017555589,Unknown Account Type,3117055938,Default,,Payment from account,,Approved,101000.000000,101000.000000,-53.750000,-101000.000000,-101000,Amount_Payable,032080,137488889,655796032080,CHBMCDebit,Domestic,Successful,Financial,Request,QUICKTELLER MOBILE TRANSFERS
4/30/2025 12:00:00 AM,Verve,Naira,4/29/2025 7:20:58 AM,4QTL0001,QUICKTELLERBILL,C-00176486             /889530808767LANG,030595,506120*********2105,0200,0038134532,Unknown Account Type,1023413552,Default,,Payment from account,,Approved,500000.000000,500000.000000,-53.750000,-500000.000000,13.4375,Issuer_fee_receivable,030595,122982305,862682030595,CHBGroup,Domestic,Successful,Financial,Request,QUICKTELLER MOBILE TRANSFERS
4/30/2025 12:00:00 AM,MasterCard,Naira,4/29/2025 11:39:25 AM,4QTL0001,QUICKTELLERBILL,Refund for army estate /889430815667LANG,031388,559432******6391,0200,0018815477,Unknown Account Type,0023792578,Default,,Payment from account,,Approved,20000.000000,20000.000000,-26.880000,-20000.000000,-20000,Amount_Payable,031388,131427012,432673031388,CHBMCDebit,Domestic,Successful,Financial,Request,QUICKTELLER MOBILE TRANSFERS
4/30/2025 12:00:00 AM,MasterCard,Naira,4/29/2025 11:39:25 AM,4QTL0001,QUICKTELLERBILL,Refund for army estate /889430815667LANG,031388,559432******6391,0200,0018815477,Unknown Account Type,0023792578,Default,,Payment from account,,Approved,20000.000000,20000.000000,-26.880000,-20000.000000,-26.88,Issuer_fee_payable,031388,131427012,432673031388,CHBMCDebit,Domestic,Successful,Financial,Request,QUICKTELLER MOBILE TRANSFERS
4/30/2025 12:00:00 AM,MasterCard,Naira,4/29/2025 11:39:25 AM,4QTL0001,QUICKTELLERBILL,Refund for army estate /889430815667LANG,031388,559432******6391,0200,0018815477,Unknown Account Type,0023792578,Default,,Payment from account,,Approved,20000.000000,20000.000000,-26.880000,-20000.000000,6.72,Issuer_fee_receivable,031388,131427012,432673031388,CHBMCDebit,Domestic,Successful,Financial,Request,QUICKTELLER MOBILE TRANSFERS
4/30/2025 12:00:00 AM,Verve,Naira,4/29/2025 5:48:38 AM,3BOL0001,QUICKTELLERBILL,For lilicrest and club /889330807943LANG,030617,506120*********1003,0200,0006278172,Unknown Account Type,0110415184,Default,,Payment from account,,Approved,125000.000000,125000.000000,-53.750000,-125000.000000,-125000,Amount_Payable,030617,122083495,827457030617,CHBGroup,Domestic,Successful,Financial,Request,QUICKTELLER WEB TRANSFERS
4/30/2025 12:00:00 AM,Verve,Naira,4/29/2025 5:48:38 AM,3BOL0001,QUICKTELLERBILL,For lilicrest and club /889330807943LANG,030617,506120*********1003,0200,0006278172,Unknown Account Type,0110415184,Default,,Payment from account,,Approved,125000.000000,125000.000000,-53.750000,-125000.000000,5.375,Issuer_fee_receivable,030617,122083495,827457030617,CHBGroup,Domestic,Successful,Financial,Request,QUICKTELLER WEB TRANSFERS
4/30/2025 12:00:00 AM,Verve,Naira,4/29/2025 5:48:38 AM,3BOL0001,QUICKTELLERBILL,For lilicrest and club /889330807943LANG,030617,506120*********1003,0200,0006278172,Unknown Account Type,0110415184,Default,,Payment from account,,Approved,125000.000000,125000.000000,-53.750000,-125000.000000,-53.75,Issuer_fee_payable,030617,122083495,827457030617,CHBGroup,Domestic,Successful,Financial,Request,QUICKTELLER WEB TRANSFERS
4/30/2025 12:00:00 AM,MasterCard,Naira,4/29/2025 9:31:47 AM,4QTL0001,QUICKTELLERBILL,Tran/889530812044/3132282036/OBIOHA/LANG,031000,519899******7125,0200,9201922390,Unknown Account Type,3132282036,Default,,Payment from account,,Approved,10000.000000,10000.000000,-26.880000,-10000.000000,-10000,Amount_Payable,031000,127050353,198138031000,CHBMCDebit,Domestic,Successful,Financial,Request,QUICKTELLER MOBILE TRANSFERS
4/30/2025 12:00:00 AM,Verve,Naira,4/29/2025 2:49:47 PM,4QTL0001,QUICKTELLERBILL,Tran/889530820655/3008133480/FUNMIL/LANG,032040,506120*********9541,0200,0005758437,Unknown Account Type,3008133480,Default,,Payment from account,,Approved,20000.000000,20000.000000,-26.880000,-20000.000000,-5,issuer_fee_payable,032040,137104735,905120032040,CHBGroup,Domestic,Successful,Financial,Request,QUICKTELLER MOBILE TRANSFERS (VERVE BILLING)
4/30/2025 12:00:00 AM,VISA,Naira,4/29/2025 3:51:57 PM,4QTL0001,QUICKTELLERBILL,COO                    /889530822082LANG,032236,468219******1914,0200,6050422723,Unknown Account Type,0032438094,Default,,Payment from account,,Approved,20000.000000,20000.000000,-26.880000,-20000.000000,20000,Amount_receivable,UNI000,139023376,483109032236,FBPNGVisaGrp,Domestic,Successful,Financial,Request,QUICKTELLER MOBILE TRANSFERS
4/30/2025 12:00:00 AM,MasterCard,Naira,4/29/2025 3:13:22 AM,4QTL0001,QUICKTELLERBILL,My wife                /889530807561LANG,030535,519899******1716,0200,0006544419,Unknown Account Type,0825013207,Default,,Payment from account,,Approved,52000.000000,52000.000000,-53.750000,-52000.000000,-52000,Amount_Payable,046306,121770571,005418030535,CHBMCDebit,Domestic,Successful,Financial,Request,QUICKTELLER MOBILE TRANSFERS
4/30/2025 12:00:00 AM,MasterCard,Naira,4/29/2025 9:31:47 AM,4QTL0001,QUICKTELLERBILL,Tran/889530812044/3132282036/OBIOHA/LANG,031000,519899******7125,0200,9201922390,Unknown Account Type,3132282036,Default,,Payment from account,,Approved,10000.000000,10000.000000,-26.880000,-10000.000000,6.72,Issuer_fee_receivable,031000,127050353,198138031000,CHBMCDebit,Domestic,Successful,Financial,Request,QUICKTELLER MOBILE TRANSFERS
4/30/2025 12:00:00 AM,MasterCard,Naira,4/29/2025 3:28:57 PM,4QTL0001,QUICKTELLERBILL,Tran/889530821591/0549122369/ETIM M/LANG,019534,519899******5884,0200,0005848392,Unknown Account Type,0549122369,Default,,Payment from account,,Approved,1000.000000,1000.000000,-10.750000,-1000.000000,-1000,Amount_Payable,019534,138314730,811845019534,CHBMCDebit,Domestic,Successful,Financial,Request,QUICKTELLER MOBILE TRANSFERS
4/30/2025 12:00:00 AM,Verve,Naira,4/29/2025 5:55:15 AM,4QTL0001,QUICKTELLERBILL,Tran/889430807970/0048856590/SHERIF/LANG,030469,506124*********1796,0200,,Unknown Account Type,0048856590,Default,,Payment from account,,Approved,600000.000000,600000.000000,-53.750000,-600000.000000,600000,Amount_receivable,UNI000,122102782,822766030469,CAPGroup,Domestic,Successful,Financial,Request,QUICKTELLER MOBILE TRANSFERS
4/30/2025 12:00:00 AM,Verve,Naira,4/29/2025 4:53:13 PM,4QTL0001,QUICKTELLERBILL,Tran/889430823360/3024213914/OLUMID/LANG,032413,506120*********3440,0200,0026165687,Unknown Account Type,3024213914,Default,,Payment from account,,Approved,30000.000000,30000.000000,-26.880000,-30000.000000,6.72,Issuer_fee_receivable,,141103980,699415032413,CHBGroup,Domestic,Successful,Financial,Request,QUICKTELLER MOBILE TRANSFERS
4/30/2025 12:00:00 AM,Verve,Naira,4/29/2025 4:53:13 PM,4QTL0001,QUICKTELLERBILL,Tran/889430823360/3024213914/OLUMID/LANG,032413,506120*********3440,0200,0026165687,Unknown Account Type,3024213914,Default,,Payment from account,,Approved,30000.000000,30000.000000,-26.880000,-30000.000000,-30000,Amount_Payable,,141103980,699415032413,CHBGroup,Domestic,Successful,Financial,Request,QUICKTELLER MOBILE TRANSFERS
4/30/2025 12:00:00 AM,MasterCard,Naira,4/29/2025 3:02:12 PM,4QTL0001,QUICKTELLERBILL,Monthly                /889530820907LANG,032080,519899******1309,0200,0017555589,Unknown Account Type,3117055938,Default,,Payment from account,,Approved,101000.000000,101000.000000,-53.750000,-101000.000000,13.4375,Issuer_fee_receivable,032080,137488889,655796032080,CHBMCDebit,Domestic,Successful,Financial,Request,QUICKTELLER MOBILE TRANSFERS
4/30/2025 12:00:00 AM,Verve,Naira,4/29/2025 11:32:51 AM,4QTL0001,QUICKTELLERBILL,Tran/889430815484/9301410452/ELIZAB/LANG,018749,506100*********7451,0200,5061000205085337451,Default,9301410452,Default,9301410452,Payment from account,9301410452,Approved,50000.000000,50000.000000,-26.880000,-50000.000000,50000,Amount_receivable,UNI000,131207508,228213018749,EBNeACCGroup,Domestic,Successful,Financial,Request,QUICKTELLER MOBILE TRANSFERS
4/30/2025 12:00:00 AM,MasterCard,Naira,4/29/2025 8:58:43 PM,4QTL0001,QUICKTELLERBILL,Tran/889530826993/6002174286/ADISA /LANG,032904,519899******0825,0200,0016622734,Unknown Account Type,6002174286,Default,,Payment from account,,Approved,15000.000000,15000.000000,-26.880000,-15000.000000,-26.88,Issuer_fee_payable,755270,149563525,237943032904,CHBMCDebit,Domestic,Successful,Financial,Request,QUICKTELLER MOBILE TRANSFERS
4/30/2025 12:00:00 AM,MasterCard,Naira,4/29/2025 8:58:43 PM,4QTL0001,QUICKTELLERBILL,Tran/889530826993/6002174286/ADISA /LANG,032904,519899******0825,0200,0016622734,Unknown Account Type,6002174286,Default,,Payment from account,,Approved,15000.000000,15000.000000,-26.880000,-15000.000000,-15000,Amount_Payable,755270,149563525,237943032904,CHBMCDebit,Domestic,Successful,Financial,Request,QUICKTELLER MOBILE TRANSFERS
4/30/2025 12:00:00 AM,MasterCard,Naira,4/29/2025 8:58:43 PM,4QTL0001,QUICKTELLERBILL,Tran/889530826993/6002174286/ADISA /LANG,032904,519899******0825,0200,0016622734,Unknown Account Type,6002174286,Default,,Payment from account,,Approved,15000.000000,15000.000000,-26.880000,-15000.000000,6.72,Issuer_fee_receivable,755270,149563525,237943032904,CHBMCDebit,Domestic,Successful,Financial,Request,QUICKTELLER MOBILE TRANSFERS
4/30/2025 12:00:00 AM,MasterCard,Naira,4/29/2025 12:56:26 PM,4QTL0001,QUICKTELLERBILL,Self                   /889530817794LANG,031577,519899******8373,0200,0034371283,Unknown Account Type,3070930651,Default,,Payment from account,,Approved,100000.000000,100000.000000,-53.750000,-100000.000000,13.4375,Issuer_fee_receivable,031577,133827912,934386031577,CHBMCDebit,Domestic,Successful,Financial,Request,QUICKTELLER MOBILE TRANSFERS
4/30/2025 12:00:00 AM,MasterCard,Naira,4/29/2025 8:20:50 AM,4QTL0001,QUICKTELLERBILL,"Tran/889530810067/0014766245/LAWAL,/LANG",018234,528649******7511,0200,0010561527,Unknown Account Type,0014766245,Default,,Payment from account,,Approved,3300.000000,3300.000000,-10.750000,-3300.000000,2.6875,Issuer_fee_receivable,018234,124677178,038093018234,CHBMCDebit,Domestic,Successful,Financial,Request,QUICKTELLER MOBILE TRANSFERS
4/30/2025 12:00:00 AM,MasterCard,Naira,4/29/2025 8:34:15 PM,4QTL0001,QUICKTELLERBILL,April                  /889530826699LANG,032929,522901******9290,0200,9200098579,Unknown Account Type,0242702712,Default,,Payment from account,,Approved,20000.000000,20000.000000,-26.880000,-20000.000000,6.72,Issuer_fee_receivable,032929,148982041,936303032929,CHBMCDebit,Domestic,Successful,Financial,Request,QUICKTELLER MOBILE TRANSFERS
4/30/2025 12:00:00 AM,MasterCard,Naira,4/29/2025 8:34:15 PM,4QTL0001,QUICKTELLERBILL,April                  /889530826699LANG,032929,522901******9290,0200,9200098579,Unknown Account Type,0242702712,Default,,Payment from account,,Approved,20000.000000,20000.000000,-26.880000,-20000.000000,-26.88,Issuer_fee_payable,032929,148982041,936303032929,CHBMCDebit,Domestic,Successful,Financial,Request,QUICKTELLER MOBILE TRANSFERS
4/30/2025 12:00:00 AM,MasterCard,Naira,4/29/2025 8:34:15 PM,4QTL0001,QUICKTELLERBILL,April                  /889530826699LANG,032929,522901******9290,0200,9200098579,Unknown Account Type,0242702712,Default,,Payment from account,,Approved,20000.000000,20000.000000,-26.880000,-20000.000000,-20000,Amount_Payable,032929,148982041,936303032929,CHBMCDebit,Domestic,Successful,Financial,Request,QUICKTELLER MOBILE TRANSFERS
4/30/2025 12:00:00 AM,Verve,Naira,4/29/2025 1:07:54 PM,4QTL0001,QUICKTELLERBILL,Dise                   /889530818054LANG,031642,506120*********9710,0200,0001293310,Unknown Account Type,1010839957,Default,,Payment from account,,Approved,500000.000000,500000.000000,-53.750000,-500000.000000,13.4375,Issuer_fee_receivable,,134152099,749513031642,CHBGroup,Domestic,Successful,Financial,Request,QUICKTELLER MOBILE TRANSFERS
4/30/2025 12:00:00 AM,Verve,Naira,4/29/2025 1:07:54 PM,4QTL0001,QUICKTELLERBILL,Dise                   /889530818054LANG,031642,506120*********9710,0200,0001293310,Unknown Account Type,1010839957,Default,,Payment from account,,Approved,500000.000000,500000.000000,-53.750000,-500000.000000,-53.75,Issuer_fee_payable,,134152099,749513031642,CHBGroup,Domestic,Successful,Financial,Request,QUICKTELLER MOBILE TRANSFERS
4/30/2025 12:00:00 AM,MasterCard,Naira,4/29/2025 12:49:17 PM,3BOL0001,QUICKTELLERBILL,Tran/889330817636/3089902427/LAWSON/LANG,019029,519899******1294,0200,0020660623,Unknown Account Type,3089902427,Default,,Payment from account,,Approved,5000.000000,5000.000000,-10.750000,-5000.000000,-10.75,Issuer_fee_payable,019029,133616405,760524019029,CHBMCDebit,Domestic,Successful,Financial,Request,QUICKTELLER WEB TRANSFERS
4/30/2025 12:00:00 AM,MasterCard,Naira,4/29/2025 8:09:16 AM,4QTL0001,QUICKTELLERBILL,400                    /889430809725LANG,018202,559432******3211,0200,0016323244,Unknown Account Type,1780081505,Default,,Payment from account,,Approved,380000.000000,380000.000000,-53.750000,-380000.000000,13.4375,Issuer_fee_receivable,,124307065,223980018202,CHBMCDebit,Domestic,Successful,Financial,Request,QUICKTELLER MOBILE TRANSFERS
4/30/2025 12:00:00 AM,MasterCard,Naira,4/29/2025 8:09:16 AM,4QTL0001,QUICKTELLERBILL,400                    /889430809725LANG,018202,559432******3211,0200,0016323244,Unknown Account Type,1780081505,Default,,Payment from account,,Approved,380000.000000,380000.000000,-53.750000,-380000.000000,-53.75,Issuer_fee_payable,,124307065,223980018202,CHBMCDebit,Domestic,Successful,Financial,Request,QUICKTELLER MOBILE TRANSFERS
4/30/2025 12:00:00 AM,MasterCard,Naira,4/29/2025 8:20:50 AM,4QTL0001,QUICKTELLERBILL,"Tran/889530810067/0014766245/LAWAL,/LANG",018234,528649******7511,0200,0010561527,Unknown Account Type,0014766245,Default,,Payment from account,,Approved,3300.000000,3300.000000,-10.750000,-3300.000000,-10.75,Issuer_fee_payable,018234,124677178,038093018234,CHBMCDebit,Domestic,Successful,Financial,Request,QUICKTELLER MOBILE TRANSFERS
4/30/2025 12:00:00 AM,MasterCard,Naira,4/29/2025 5:36:26 AM,4QTL0001,QUICKTELLERBILL,"Tran/889530807893/0014766245/LAWAL,/LANG",030611,528649******7511,0200,0010561527,Unknown Account Type,0014766245,Default,,Payment from account,,Approved,15000.000000,15000.000000,-26.880000,-15000.000000,6.72,Issuer_fee_receivable,030611,122044122,857681030611,CHBMCDebit,Domestic,Successful,Financial,Request,QUICKTELLER MOBILE TRANSFERS
4/30/2025 12:00:00 AM,MasterCard,Naira,4/29/2025 5:36:26 AM,4QTL0001,QUICKTELLERBILL,"Tran/889530807893/0014766245/LAWAL,/LANG",030611,528649******7511,0200,0010561527,Unknown Account Type,0014766245,Default,,Payment from account,,Approved,15000.000000,15000.000000,-26.880000,-15000.000000,-26.88,Issuer_fee_payable,030611,122044122,857681030611,CHBMCDebit,Domestic,Successful,Financial,Request,QUICKTELLER MOBILE TRANSFERS
4/30/2025 12:00:00 AM,Verve,Naira,4/29/2025 7:38:48 AM,4QTL0001,QUICKTELLERBILL,Tran/889530809087/0040648546/KUE GI/LANG,018146,506120*********5578,0200,9202096115,Unknown Account Type,0040648546,Default,,Payment from account,,Approved,17000.000000,17000.000000,-26.880000,-17000.000000,-5,issuer_fee_payable,,123417927,318978018146,CHBGroup,Domestic,Successful,Financial,Request,QUICKTELLER MOBILE TRANSFERS (VERVE BILLING)
4/30/2025 12:00:00 AM,MasterCard,Naira,4/29/2025 3:13:22 AM,4QTL0001,QUICKTELLERBILL,My wife                /889530807561LANG,030535,519899******1716,0200,0006544419,Unknown Account Type,0825013207,Default,,Payment from account,,Approved,52000.000000,52000.000000,-53.750000,-52000.000000,-53.75,Issuer_fee_payable,046306,121770571,005418030535,CHBMCDebit,Domestic,Successful,Financial,Request,QUICKTELLER MOBILE TRANSFERS
4/30/2025 12:00:00 AM,MasterCard,Naira,4/29/2025 5:36:26 AM,4QTL0001,QUICKTELLERBILL,"Tran/889530807893/0014766245/LAWAL,/LANG",030611,528649******7511,0200,0010561527,Unknown Account Type,0014766245,Default,,Payment from account,,Approved,15000.000000,15000.000000,-26.880000,-15000.000000,-5,issuer_fee_payable,030611,122044122,857681030611,CHBMCDebit,Domestic,Successful,Financial,Request,QUICKTELLER MOBILE TRANSFERS (VERVE BILLING)
4/30/2025 12:00:00 AM,Verve,Naira,4/29/2025 4:50:40 PM,4QTL0001,QUICKTELLERBILL,Final payment for paint/889530823313LANG,019758,506120*********6624,0200,0006521775,Unknown Account Type,0756881415,Default,,Payment from account,,Approved,18000.000000,18000.000000,-26.880000,-18000.000000,-5,issuer_fee_payable,019758,141012680,298121019758,CHBGroup,Domestic,Successful,Financial,Request,QUICKTELLER MOBILE TRANSFERS (VERVE BILLING)
4/30/2025 12:00:00 AM,MasterCard,Naira,4/29/2025 8:20:50 AM,4QTL0001,QUICKTELLERBILL,"Tran/889530810067/0014766245/LAWAL,/LANG",018234,528649******7511,0200,0010561527,Unknown Account Type,0014766245,Default,,Payment from account,,Approved,3300.000000,3300.000000,-10.750000,-3300.000000,-5,issuer_fee_payable,018234,124677178,038093018234,CHBMCDebit,Domestic,Successful,Financial,Request,QUICKTELLER MOBILE TRANSFERS (VERVE BILLING)
4/30/2025 12:00:00 AM,MasterCard,Naira,4/29/2025 1:07:10 PM,4QTL0001,QUICKTELLERBILL,FUNDS - HUMPHREY       /889530818033LANG,031685,539983******4194,0200,0011125076,Default,0032407319,Default,,Payment from account,,Approved,5000.000000,5000.000000,-10.750000,-5000.000000,5000,Amount_receivable,UNI000,134131525,372138031685,GTBMCDebit,Domestic,Successful,Financial,Request,QUICKTELLER MOBILE TRANSFERS
4/30/2025 12:00:00 AM,MasterCard,Naira,4/29/2025 3:13:22 AM,4QTL0001,QUICKTELLERBILL,My wife                /889530807561LANG,030535,519899******1716,0200,0006544419,Unknown Account Type,0825013207,Default,,Payment from account,,Approved,52000.000000,52000.000000,-53.750000,-52000.000000,13.4375,Issuer_fee_receivable,046306,121770571,005418030535,CHBMCDebit,Domestic,Successful,Financial,Request,QUICKTELLER MOBILE TRANSFERS
4/30/2025 12:00:00 AM,Verve,Naira,4/29/2025 2:21:52 PM,3BOL0001,QUICKTELLERBILL,Diya                   /889330819927LANG,031921,506120*********5248,0200,0014472430,Unknown Account Type,3036319955,Default,,Payment from account,,Approved,400000.000000,400000.000000,-53.750000,-400000.000000,-53.75,Issuer_fee_payable,031921,136249653,815449031921,CHBGroup,Domestic,Successful,Financial,Request,QUICKTELLER WEB TRANSFERS
4/30/2025 12:00:00 AM,Verve,Naira,4/29/2025 2:21:52 PM,3BOL0001,QUICKTELLERBILL,Diya                   /889330819927LANG,031921,506120*********5248,0200,0014472430,Unknown Account Type,3036319955,Default,,Payment from account,,Approved,400000.000000,400000.000000,-53.750000,-400000.000000,-400000,Amount_Payable,031921,136249653,815449031921,CHBGroup,Domestic,Successful,Financial,Request,QUICKTELLER WEB TRANSFERS
4/30/2025 12:00:00 AM,Verve,Naira,4/29/2025 2:21:52 PM,3BOL0001,QUICKTELLERBILL,Diya                   /889330819927LANG,031921,506120*********5248,0200,0014472430,Unknown Account Type,3036319955,Default,,Payment from account,,Approved,400000.000000,400000.000000,-53.750000,-400000.000000,5.375,Issuer_fee_receivable,031921,136249653,815449031921,CHBGroup,Domestic,Successful,Financial,Request,QUICKTELLER WEB TRANSFERS
4/30/2025 12:00:00 AM,MasterCard,Naira,4/29/2025 2:52:25 PM,4QTL0001,QUICKTELLERBILL,Paint & Labor          /889530820702LANG,032026,539983******1531,0200,0040248779,Default,0028945289,Default,,Payment from account,,Approved,200000.000000,200000.000000,-53.750000,-200000.000000,200000,Amount_receivable,UNI000,137185019,389744032026,GTBMCDebit,Domestic,Successful,Financial,Request,QUICKTELLER MOBILE TRANSFERS
4/30/2025 12:00:00 AM,MasterCard,Naira,4/29/2025 12:49:17 PM,3BOL0001,QUICKTELLERBILL,Tran/889330817636/3089902427/LAWSON/LANG,019029,519899******1294,0200,0020660623,Unknown Account Type,3089902427,Default,,Payment from account,,Approved,5000.000000,5000.000000,-10.750000,-5000.000000,-5000,Amount_Payable,019029,133616405,760524019029,CHBMCDebit,Domestic,Successful,Financial,Request,QUICKTELLER WEB TRANSFERS
4/30/2025 12:00:00 AM,MasterCard,Naira,4/29/2025 12:49:17 PM,3BOL0001,QUICKTELLERBILL,Tran/889330817636/3089902427/LAWSON/LANG,019029,519899******1294,0200,0020660623,Unknown Account Type,3089902427,Default,,Payment from account,,Approved,5000.000000,5000.000000,-10.750000,-5000.000000,1.075,Issuer_fee_receivable,019029,133616405,760524019029,CHBMCDebit,Domestic,Successful,Financial,Request,QUICKTELLER WEB TRANSFERS
4/30/2025 12:00:00 AM,Verve,Naira,4/29/2025 7:38:48 AM,4QTL0001,QUICKTELLERBILL,Tran/889530809087/0040648546/KUE GI/LANG,018146,506120*********5578,0200,9202096115,Unknown Account Type,0040648546,Default,,Payment from account,,Approved,17000.000000,17000.000000,-26.880000,-17000.000000,-17000,Amount_Payable,,123417927,318978018146,CHBGroup,Domestic,Successful,Financial,Request,QUICKTELLER MOBILE TRANSFERS
4/30/2025 12:00:00 AM,Verve,Naira,4/29/2025 7:38:48 AM,4QTL0001,QUICKTELLERBILL,Tran/889530809087/0040648546/KUE GI/LANG,018146,506120*********5578,0200,9202096115,Unknown Account Type,0040648546,Default,,Payment from account,,Approved,17000.000000,17000.000000,-26.880000,-17000.000000,6.72,Issuer_fee_receivable,,123417927,318978018146,CHBGroup,Domestic,Successful,Financial,Request,QUICKTELLER MOBILE TRANSFERS
4/30/2025 12:00:00 AM,Verve,Naira,4/29/2025 7:38:48 AM,4QTL0001,QUICKTELLERBILL,Tran/889530809087/0040648546/KUE GI/LANG,018146,506120*********5578,0200,9202096115,Unknown Account Type,0040648546,Default,,Payment from account,,Approved,17000.000000,17000.000000,-26.880000,-17000.000000,-26.88,Issuer_fee_payable,,123417927,318978018146,CHBGroup,Domestic,Successful,Financial,Request,QUICKTELLER MOBILE TRANSFERS
4/30/2025 12:00:00 AM,MasterCard,Naira,4/29/2025 9:31:47 AM,4QTL0001,QUICKTELLERBILL,Tran/889530812044/3132282036/OBIOHA/LANG,031000,519899******7125,0200,9201922390,Unknown Account Type,3132282036,Default,,Payment from account,,Approved,10000.000000,10000.000000,-26.880000,-10000.000000,-26.88,Issuer_fee_payable,031000,127050353,198138031000,CHBMCDebit,Domestic,Successful,Financial,Request,QUICKTELLER MOBILE TRANSFERS
4/30/2025 12:00:00 AM,Verve,Naira,4/29/2025 9:50:27 AM,3BOL0001,QUICKTELLERBILL,Tran/889330812580/2283722316/OLUSOL/LANG,031055,506120*********9799,0200,0015940657,Unknown Account Type,2283722316,Default,,Payment from account,,Approved,133000.000000,133000.000000,-53.750000,-133000.000000,-53.75,Issuer_fee_payable,2A7C0A,127701477,859773031055,CHBGroup,Domestic,Successful,Financial,Request,QUICKTELLER WEB TRANSFERS
4/30/2025 12:00:00 AM,Verve,Naira,4/29/2025 11:29:54 AM,4QTL0001,QUICKTELLERBILL,Tran/889430815368/0048874576/OLERE /LANG,031262,506124*********0335,0200,,Unknown Account Type,0048874576,Default,,Payment from account,,Approved,200000.000000,200000.000000,-53.750000,-200000.000000,200000,Amount_receivable,UNI000,131107511,706613031262,CAPGroup,Domestic,Successful,Financial,Request,QUICKTELLER MOBILE TRANSFERS
4/30/2025 12:00:00 AM,MasterCard,Naira,4/29/2025 7:56:41 PM,4QTL0001,QUICKTELLERBILL,Refund to SSPPICC      /889530826125LANG,032854,559432******0838,0200,9302008205,Unknown Account Type,1771111815,Default,,Payment from account,,Approved,30000.000000,30000.000000,-26.880000,-30000.000000,6.72,Issuer_fee_receivable,,147868268,748875032854,CHBMCDebit,Domestic,Successful,Financial,Request,QUICKTELLER MOBILE TRANSFERS
4/30/2025 12:00:00 AM,MasterCard,Naira,4/29/2025 7:56:41 PM,4QTL0001,QUICKTELLERBILL,Refund to SSPPICC      /889530826125LANG,032854,559432******0838,0200,9302008205,Unknown Account Type,1771111815,Default,,Payment from account,,Approved,30000.000000,30000.000000,-26.880000,-30000.000000,-26.88,Issuer_fee_payable,,147868268,748875032854,CHBMCDebit,Domestic,Successful,Financial,Request,QUICKTELLER MOBILE TRANSFERS
4/30/2025 12:00:00 AM,MasterCard,Naira,4/29/2025 7:56:41 PM,4QTL0001,QUICKTELLERBILL,Refund to SSPPICC      /889530826125LANG,032854,559432******0838,0200,9302008205,Unknown Account Type,1771111815,Default,,Payment from account,,Approved,30000.000000,30000.000000,-26.880000,-30000.000000,-30000,Amount_Payable,,147868268,748875032854,CHBMCDebit,Domestic,Successful,Financial,Request,QUICKTELLER MOBILE TRANSFERS
4/30/2025 12:00:00 AM,MasterCard,Naira,4/29/2025 11:33:58 AM,3BOL0001,QUICKTELLERBILL,thanks                 /889330815462LANG,031283,519899******9492,0200,0044439793,Unknown Account Type,2138487317,Default,,Payment from account,,Approved,40000.000000,40000.000000,-26.880000,-40000.000000,2.688,Issuer_fee_receivable,031283,131245717,641048031283,CHBMCDebit,Domestic,Successful,Financial,Request,QUICKTELLER WEB TRANSFERS
4/30/2025 12:00:00 AM,MasterCard,Naira,4/29/2025 11:33:58 AM,3BOL0001,QUICKTELLERBILL,thanks                 /889330815462LANG,031283,519899******9492,0200,0044439793,Unknown Account Type,2138487317,Default,,Payment from account,,Approved,40000.000000,40000.000000,-26.880000,-40000.000000,-40000,Amount_Payable,031283,131245717,641048031283,CHBMCDebit,Domestic,Successful,Financial,Request,QUICKTELLER WEB TRANSFERS
4/30/2025 12:00:00 AM,Verve,Naira,4/29/2025 11:10:24 AM,4QTL0001,QUICKTELLERBILL,Partpayment for product/889530814781LANG,031299,506120*********6624,0200,0006521775,Unknown Account Type,0472886352,Default,,Payment from account,,Approved,90000.000000,90000.000000,-53.750000,-90000.000000,-53.75,Issuer_fee_payable,031299,130449723,128664031299,CHBGroup,Domestic,Successful,Financial,Request,QUICKTELLER MOBILE TRANSFERS
4/30/2025 12:00:00 AM,Verve,Naira,4/29/2025 12:32:07 PM,4QTL0001,QUICKTELLERBILL,Tran/889430817193/0023543824/OMOSEF/LANG,018961,506108*********8937,0200,1026488253,Unknown Account Type,0023543824,Default,,Payment from account,,Approved,2000.000000,2000.000000,-10.750000,-2000.000000,2000,Amount_receivable,UNI000,133099352,528493018961,FCMBGroup,Domestic,Successful,Financial,Request,QUICKTELLER MOBILE TRANSFERS
4/30/2025 12:00:00 AM,Verve,Naira,4/29/2025 4:30:21 PM,4QTL0001,QUICKTELLERBILL,Tp                     /889530822944LANG,032231,506104*********8094,0200,0022724135,Unknown Account Type,0043466174,Default,,Payment from account,,Approved,10500.000000,10500.000000,-26.880000,-10500.000000,10500,Amount_receivable,UNI000,140287408,129944032231,ABPGroup,Domestic,Successful,Financial,Request,QUICKTELLER MOBILE TRANSFERS
4/30/2025 12:00:00 AM,MasterCard,Naira,4/29/2025 4:26:21 PM,4QTL0001,QUICKTELLERBILL,Tran/889530822857/0017987847/RUKAYA/LANG,032296,519899******0825,0200,0016622734,Unknown Account Type,0017987847,Default,,Payment from account,,Approved,3000.000000,3000.000000,-10.750000,-3000.000000,-3000,Amount_Payable,UNI000,140144935,077121032296,CHBMCDebit,Domestic,Successful,Financial,Request,QUICKTELLER MOBILE TRANSFERS
4/30/2025 12:00:00 AM,MasterCard,Naira,4/29/2025 4:26:21 PM,4QTL0001,QUICKTELLERBILL,Tran/889530822857/0017987847/RUKAYA/LANG,032296,519899******0825,0200,0016622734,Unknown Account Type,0017987847,Default,,Payment from account,,Approved,3000.000000,3000.000000,-10.750000,-3000.000000,-10.75,Issuer_fee_payable,UNI000,140144935,077121032296,CHBMCDebit,Domestic,Successful,Financial,Request,QUICKTELLER MOBILE TRANSFERS
4/30/2025 12:00:00 AM,MasterCard,Naira,4/29/2025 4:26:21 PM,4QTL0001,QUICKTELLERBILL,Tran/889530822857/0017987847/RUKAYA/LANG,032296,519899******0825,0200,0016622734,Unknown Account Type,0017987847,Default,,Payment from account,,Approved,3000.000000,3000.000000,-10.750000,-3000.000000,3000,Amount_receivable,UNI000,140144935,077121032296,CHBMCDebit,Domestic,Successful,Financial,Request,QUICKTELLER MOBILE TRANSFERS
4/30/2025 12:00:00 AM,MasterCard,Naira,4/29/2025 4:26:21 PM,4QTL0001,QUICKTELLERBILL,Tran/889530822857/0017987847/RUKAYA/LANG,032296,519899******0825,0200,0016622734,Unknown Account Type,0017987847,Default,,Payment from account,,Approved,3000.000000,3000.000000,-10.750000,-3000.000000,2.6875,Issuer_fee_receivable,UNI000,140144935,077121032296,CHBMCDebit,Domestic,Successful,Financial,Request,QUICKTELLER MOBILE TRANSFERS
4/30/2025 12:00:00 AM,VISA,Naira,4/29/2025 4:27:44 PM,3BOL0001,QUICKTELLERBILL,fgf                    /889330822871LANG,032342,444506******6217,0200,,Default,0039142109,Default,,Payment from account,,Approved,5000.000000,5000.000000,-10.750000,-5000.000000,5000,Amount_receivable,UNI000,140193822,810597032342,CHBVisaGroup,Domestic,Successful,Financial,Request,QUICKTELLER WEB TRANSFERS
4/30/2025 12:00:00 AM,VISA,Naira,4/29/2025 4:27:44 PM,3BOL0001,QUICKTELLERBILL,fgf                    /889330822871LANG,032342,444506******6217,0200,,Default,0039142109,Default,,Payment from account,,Approved,5000.000000,5000.000000,-10.750000,-5000.000000,1.075,Issuer_fee_receivable,UNI000,140193822,810597032342,CHBVisaGroup,Domestic,Successful,Financial,Request,QUICKTELLER WEB TRANSFERS
4/30/2025 12:00:00 AM,MasterCard,Naira,4/29/2025 8:44:09 PM,4QTL0001,QUICKTELLERBILL,Tran/889530826840/0141265181/ADEOLA/LANG,032777,522901******9290,0200,9200098579,Unknown Account Type,0141265181,Default,,Payment from account,,Approved,7500.000000,7500.000000,-26.880000,-7500.000000,-26.88,Issuer_fee_payable,032777,149224579,420334032777,CHBMCDebit,Domestic,Successful,Financial,Request,QUICKTELLER MOBILE TRANSFERS
4/30/2025 12:00:00 AM,MasterCard,Naira,4/29/2025 8:44:09 PM,4QTL0001,QUICKTELLERBILL,Tran/889530826840/0141265181/ADEOLA/LANG,032777,522901******9290,0200,9200098579,Unknown Account Type,0141265181,Default,,Payment from account,,Approved,7500.000000,7500.000000,-26.880000,-7500.000000,-7500,Amount_Payable,032777,149224579,420334032777,CHBMCDebit,Domestic,Successful,Financial,Request,QUICKTELLER MOBILE TRANSFERS
4/30/2025 12:00:00 AM,MasterCard,Naira,4/29/2025 8:44:09 PM,4QTL0001,QUICKTELLERBILL,Tran/889530826840/0141265181/ADEOLA/LANG,032777,522901******9290,0200,9200098579,Unknown Account Type,0141265181,Default,,Payment from account,,Approved,7500.000000,7500.000000,-26.880000,-7500.000000,6.72,Issuer_fee_receivable,032777,149224579,420334032777,CHBMCDebit,Domestic,Successful,Financial,Request,QUICKTELLER MOBILE TRANSFERS
4/30/2025 12:00:00 AM,Verve,Naira,4/29/2025 7:54:59 PM,3BOL0001,QUICKTELLERBILL,Tran/889330826101/2039759832/AGBONT/LANG,032679,506120*********3978,0200,0000194001,Unknown Account Type,2039759832,Default,,Payment from account,,Approved,120.000000,120.000000,-10.750000,-120.000000,-120,Amount_Payable,032679,147811455,070333032679,CHBGroup,Domestic,Successful,Financial,Request,QUICKTELLER WEB TRANSFERS
4/30/2025 12:00:00 AM,MasterCard,Naira,4/29/2025 6:21:32 PM,3BOL0001,QUICKTELLERBILL,Self                   /889330824839LANG,032634,519899******3952,0200,0023023289,Unknown Account Type,2036793686,Default,,Payment from account,,Approved,75000.000000,75000.000000,-53.750000,-75000.000000,-75000,Amount_Payable,032634,144368756,031075032634,CHBMCDebit,Domestic,Successful,Financial,Request,QUICKTELLER WEB TRANSFERS
4/30/2025 12:00:00 AM,MasterCard,Naira,4/29/2025 6:21:32 PM,3BOL0001,QUICKTELLERBILL,Self                   /889330824839LANG,032634,519899******3952,0200,0023023289,Unknown Account Type,2036793686,Default,,Payment from account,,Approved,75000.000000,75000.000000,-53.750000,-75000.000000,5.375,Issuer_fee_receivable,032634,144368756,031075032634,CHBMCDebit,Domestic,Successful,Financial,Request,QUICKTELLER WEB TRANSFERS
4/30/2025 12:00:00 AM,VISA,Naira,4/29/2025 10:02:14 AM,3BOL0001,QUICKTELLERBILL,Nafiu kt               /889330812879LANG,018474,468219******6347,0200,6016106911,Unknown Account Type,0015843820,Default,,Payment from account,,Approved,30000.000000,30000.000000,-26.880000,-30000.000000,30000,Amount_receivable,UNI000,128110791,444966018474,FBPNGVisaGrp,Domestic,Successful,Financial,Request,QUICKTELLER WEB TRANSFERS
4/30/2025 12:00:00 AM,Verve,Naira,4/29/2025 4:53:13 PM,4QTL0001,QUICKTELLERBILL,Tran/889430823360/3024213914/OLUMID/LANG,032413,506120*********3440,0200,0026165687,Unknown Account Type,3024213914,Default,,Payment from account,,Approved,30000.000000,30000.000000,-26.880000,-30000.000000,-26.88,Issuer_fee_payable,,141103980,699415032413,CHBGroup,Domestic,Successful,Financial,Request,QUICKTELLER MOBILE TRANSFERS
4/30/2025 12:00:00 AM,MasterCard,Naira,4/29/2025 8:09:16 AM,4QTL0001,QUICKTELLERBILL,400                    /889430809725LANG,018202,559432******3211,0200,0016323244,Unknown Account Type,1780081505,Default,,Payment from account,,Approved,380000.000000,380000.000000,-53.750000,-380000.000000,-380000,Amount_Payable,,124307065,223980018202,CHBMCDebit,Domestic,Successful,Financial,Request,QUICKTELLER MOBILE TRANSFERS
4/30/2025 12:00:00 AM,Verve,Naira,4/29/2025 7:54:59 PM,3BOL0001,QUICKTELLERBILL,Tran/889330826101/2039759832/AGBONT/LANG,032679,506120*********3978,0200,0000194001,Unknown Account Type,2039759832,Default,,Payment from account,,Approved,120.000000,120.000000,-10.750000,-120.000000,1.075,Issuer_fee_receivable,032679,147811455,070333032679,CHBGroup,Domestic,Successful,Financial,Request,QUICKTELLER WEB TRANSFERS
4/30/2025 12:00:00 AM,Verve,Naira,4/29/2025 7:54:59 PM,3BOL0001,QUICKTELLERBILL,Tran/889330826101/2039759832/AGBONT/LANG,032679,506120*********3978,0200,0000194001,Unknown Account Type,2039759832,Default,,Payment from account,,Approved,120.000000,120.000000,-10.750000,-120.000000,-10.75,Issuer_fee_payable,032679,147811455,070333032679,CHBGroup,Domestic,Successful,Financial,Request,QUICKTELLER WEB TRANSFERS
4/30/2025 12:00:00 AM,Verve,Naira,4/29/2025 9:50:27 AM,3BOL0001,QUICKTELLERBILL,Tran/889330812580/2283722316/OLUSOL/LANG,031055,506120*********9799,0200,0015940657,Unknown Account Type,2283722316,Default,,Payment from account,,Approved,133000.000000,133000.000000,-53.750000,-133000.000000,-133000,Amount_Payable,2A7C0A,127701477,859773031055,CHBGroup,Domestic,Successful,Financial,Request,QUICKTELLER WEB TRANSFERS
4/30/2025 12:00:00 AM,MasterCard,Naira,4/29/2025 2:39:11 PM,4QTL0001,QUICKTELLERBILL,Tran/889530820394/2409532797/BOSE M/LANG,032006,522901******9290,0200,9200098579,Unknown Account Type,2409532797,Default,,Payment from account,,Approved,15000.000000,15000.000000,-26.880000,-15000.000000,-26.88,Issuer_fee_payable,34BEBA,136778976,195118032006,CHBMCDebit,Domestic,Successful,Financial,Request,QUICKTELLER MOBILE TRANSFERS
4/30/2025 12:00:00 AM,MasterCard,Naira,4/29/2025 2:39:11 PM,4QTL0001,QUICKTELLERBILL,Tran/889530820394/2409532797/BOSE M/LANG,032006,522901******9290,0200,9200098579,Unknown Account Type,2409532797,Default,,Payment from account,,Approved,15000.000000,15000.000000,-26.880000,-15000.000000,6.72,Issuer_fee_receivable,34BEBA,136778976,195118032006,CHBMCDebit,Domestic,Successful,Financial,Request,QUICKTELLER MOBILE TRANSFERS
4/30/2025 12:00:00 AM,MasterCard,Naira,4/29/2025 2:39:11 PM,4QTL0001,QUICKTELLERBILL,Tran/889530820394/2409532797/BOSE M/LANG,032006,522901******9290,0200,9200098579,Unknown Account Type,2409532797,Default,,Payment from account,,Approved,15000.000000,15000.000000,-26.880000,-15000.000000,-15000,Amount_Payable,34BEBA,136778976,195118032006,CHBMCDebit,Domestic,Successful,Financial,Request,QUICKTELLER MOBILE TRANSFERS
4/30/2025 12:00:00 AM,MasterCard,Naira,4/29/2025 2:58:57 PM,3BOL0001,QUICKTELLERBILL,Akande                 /889330820785LANG,031980,519899******4565,0200,0035856688,Unknown Account Type,3132188372,Default,,Payment from account,,Approved,2100.000000,2100.000000,-10.750000,-2100.000000,-2100,Amount_Payable,031980,137387556,474527031980,CHBMCDebit,Domestic,Successful,Financial,Request,QUICKTELLER WEB TRANSFERS
4/30/2025 12:00:00 AM,MasterCard,Naira,4/29/2025 2:58:57 PM,3BOL0001,QUICKTELLERBILL,Akande                 /889330820785LANG,031980,519899******4565,0200,0035856688,Unknown Account Type,3132188372,Default,,Payment from account,,Approved,2100.000000,2100.000000,-10.750000,-2100.000000,-10.75,Issuer_fee_payable,031980,137387556,474527031980,CHBMCDebit,Domestic,Successful,Financial,Request,QUICKTELLER WEB TRANSFERS
4/30/2025 12:00:00 AM,MasterCard,Naira,4/29/2025 2:58:57 PM,3BOL0001,QUICKTELLERBILL,Akande                 /889330820785LANG,031980,519899******4565,0200,0035856688,Unknown Account Type,3132188372,Default,,Payment from account,,Approved,2100.000000,2100.000000,-10.750000,-2100.000000,1.075,Issuer_fee_receivable,031980,137387556,474527031980,CHBMCDebit,Domestic,Successful,Financial,Request,QUICKTELLER WEB TRANSFERS
4/30/2025 12:00:00 AM,Verve,Naira,4/29/2025 3:12:50 PM,4QTL0001,QUICKTELLERBILL,Tran/889530821212/0002272402/MUJIDA/LANG,032112,506100*********5132,0200,5061000205053815132,Default,0002272402,Default,0002272402,Payment from account,0002272402,Approved,50000.000000,50000.000000,-26.880000,-50000.000000,50000,Amount_receivable,UNI000,137815512,388609032112,EBNeACCGroup,Domestic,Successful,Financial,Request,QUICKTELLER MOBILE TRANSFERS
4/30/2025 12:00:00 AM,MasterCard,Naira,4/29/2025 3:02:12 PM,4QTL0001,QUICKTELLERBILL,Monthly                /889530820907LANG,032080,519899******1309,0200,0017555589,Unknown Account Type,3117055938,Default,,Payment from account,,Approved,101000.000000,101000.000000,-53.750000,-101000.000000,-53.75,Issuer_fee_payable,032080,137488889,655796032080,CHBMCDebit,Domestic,Successful,Financial,Request,QUICKTELLER MOBILE TRANSFERS
4/30/2025 12:00:00 AM,MasterCard,Naira,4/29/2025 2:23:01 PM,4QTL0001,QUICKTELLERBILL,Tran/889530819972/2243510386/BEAUTY/LANG,031936,522901******9290,0200,9200098579,Unknown Account Type,2243510386,Default,,Payment from account,,Approved,10000.000000,10000.000000,-26.880000,-10000.000000,-10000,Amount_Payable,031936,136283546,979561031936,CHBMCDebit,Domestic,Successful,Financial,Request,QUICKTELLER MOBILE TRANSFERS
4/30/2025 12:00:00 AM,MasterCard,Naira,4/29/2025 2:23:01 PM,4QTL0001,QUICKTELLERBILL,Tran/889530819972/2243510386/BEAUTY/LANG,031936,522901******9290,0200,9200098579,Unknown Account Type,2243510386,Default,,Payment from account,,Approved,10000.000000,10000.000000,-26.880000,-10000.000000,6.72,Issuer_fee_receivable,031936,136283546,979561031936,CHBMCDebit,Domestic,Successful,Financial,Request,QUICKTELLER MOBILE TRANSFERS
4/30/2025 12:00:00 AM,MasterCard,Naira,4/29/2025 2:23:01 PM,4QTL0001,QUICKTELLERBILL,Tran/889530819972/2243510386/BEAUTY/LANG,031936,522901******9290,0200,9200098579,Unknown Account Type,2243510386,Default,,Payment from account,,Approved,10000.000000,10000.000000,-26.880000,-10000.000000,-26.88,Issuer_fee_payable,031936,136283546,979561031936,CHBMCDebit,Domestic,Successful,Financial,Request,QUICKTELLER MOBILE TRANSFERS
4/30/2025 12:00:00 AM,Verve,Naira,4/29/2025 11:10:24 AM,4QTL0001,QUICKTELLERBILL,Partpayment for product/889530814781LANG,031299,506120*********6624,0200,0006521775,Unknown Account Type,0472886352,Default,,Payment from account,,Approved,90000.000000,90000.000000,-53.750000,-90000.000000,13.4375,Issuer_fee_receivable,031299,130449723,128664031299,CHBGroup,Domestic,Successful,Financial,Request,QUICKTELLER MOBILE TRANSFERS
4/30/2025 12:00:00 AM,MasterCard,Naira,4/29/2025 3:32:42 PM,4QTL0001,QUICKTELLERBILL,Tran/889430821649/0040137266/IFECHU/LANG,032174,519911******2805,0200,2044964234,Unknown Account Type,0040137266,Default,,Payment from account,,Approved,474000.000000,474000.000000,-53.750000,-474000.000000,474000,Amount_receivable,UNI000,138432173,492917032174,UBAMCDebit,Domestic,Successful,Financial,Request,QUICKTELLER MOBILE TRANSFERS
4/30/2025 12:00:00 AM,MasterCard,Naira,4/29/2025 6:21:32 PM,3BOL0001,QUICKTELLERBILL,Self                   /889330824839LANG,032634,519899******3952,0200,0023023289,Unknown Account Type,2036793686,Default,,Payment from account,,Approved,75000.000000,75000.000000,-53.750000,-75000.000000,-53.75,Issuer_fee_payable,032634,144368756,031075032634,CHBMCDebit,Domestic,Successful,Financial,Request,QUICKTELLER WEB TRANSFERS
4/30/2025 12:00:00 AM,Verve,Naira,4/29/2025 5:46:56 PM,4QTL0001,QUICKTELLERBILL,Tran/889530824329/0032458603/ADEGOK/LANG,032508,506100*********4712,0200,5061000205080304712,Default,0032458603,Default,0032458603,Payment from account,0032458603,Approved,10000.000000,10000.000000,-26.880000,-10000.000000,10000,Amount_receivable,UNI000,143069568,977155032508,EBNeACCGroup,Domestic,Successful,Financial,Request,QUICKTELLER MOBILE TRANSFERS
4/30/2025 12:00:00 AM,MasterCard,Naira,4/29/2025 8:46:29 PM,4QTL0001,QUICKTELLERBILL,Groceries              /889530826869LANG,032893,522901******9290,0200,9200098579,Unknown Account Type,2097013004,Default,,Payment from account,,Approved,120000.000000,120000.000000,-53.750000,-120000.000000,-53.75,Issuer_fee_payable,032893,149278307,212267032893,CHBMCDebit,Domestic,Successful,Financial,Request,QUICKTELLER MOBILE TRANSFERS
4/30/2025 12:00:00 AM,Verve,Naira,4/29/2025 8:37:57 PM,4QTL0001,QUICKTELLERBILL,Tran/889430826752/0016383480/ADEOLA/LANG,020262,506100*********5555,0200,5061000205069655555,Default,0016383480,Default,0016383480,Payment from account,0016383480,Approved,27000.000000,27000.000000,-26.880000,-27000.000000,27000,Amount_receivable,UNI000,149075229,769931020262,EBNeACCGroup,Domestic,Successful,Financial,Request,QUICKTELLER MOBILE TRANSFERS
4/30/2025 12:00:00 AM,MasterCard,Naira,4/29/2025 3:57:41 PM,4QTL0001,QUICKTELLERBILL,Tran/889530822245/6011270590/OWATE /LANG,019603,519899******0825,0200,0016622734,Unknown Account Type,6011270590,Default,,Payment from account,,Approved,1000.000000,1000.000000,-10.750000,-1000.000000,2.6875,Issuer_fee_receivable,019603,139192351,086082019603,CHBMCDebit,Domestic,Successful,Financial,Request,QUICKTELLER MOBILE TRANSFERS
4/30/2025 12:00:00 AM,MasterCard,Naira,4/29/2025 3:57:41 PM,4QTL0001,QUICKTELLERBILL,Tran/889530822245/6011270590/OWATE /LANG,019603,519899******0825,0200,0016622734,Unknown Account Type,6011270590,Default,,Payment from account,,Approved,1000.000000,1000.000000,-10.750000,-1000.000000,-1000,Amount_Payable,019603,139192351,086082019603,CHBMCDebit,Domestic,Successful,Financial,Request,QUICKTELLER MOBILE TRANSFERS

